index,nom,nan_ratio,n_unique,min,max,moyenne
0,_STATE,0.0,53,1.0,72.0,29.974
1,FMONTH,0.0,12,1.0,12.0,6.361
2,IDATE,0.0,414,1012016.0,12312015.0,6563638.198
3,IMONTH,0.0,12,1.0,12.0,6.417
4,IDAY,0.0,31,1.0,31.0,14.496
5,IYEAR,0.0,2,2015.0,2016.0,2015.025
6,DISPCODE,0.0,2,1100.0,1200.0,1115.015
7,SEQNO,0.0,21780,2015000001.0,2015023235.0,2015005197.328
8,_PSU,0.0,21780,2015000001.0,2015023235.0,2015005197.328
9,CTELENUM,0.425,1,1.0,1.0,1.0
10,PVTRESD1,0.425,2,1.0,2.0,1.0
11,COLGHOUS,1.0,1,1.0,1.0,1.0
12,STATERES,0.425,1,1.0,1.0,1.0
13,CELLFON3,0.425,2,1.0,2.0,1.545
14,LADULT,1.0,2,1.0,2.0,1.656
15,NUMADULT,0.425,16,1.0,20.0,1.794
16,NUMMEN,0.425,12,0.0,18.0,0.802
17,NUMWOMEN,0.425,11,0.0,10.0,0.992
18,CTELNUM1,0.575,1,1.0,1.0,1.0
19,CELLFON2,0.575,1,1.0,1.0,1.0
20,CADULT,0.575,2,1.0,2.0,1.505
21,PVTRESD2,0.575,2,1.0,2.0,1.006
22,CCLGHOUS,0.998,1,1.0,1.0,1.0
23,CSTATE,0.575,2,1.0,2.0,1.067
24,LANDLINE,0.577,4,1.0,9.0,1.632
25,HHADULT,0.587,25,1.0,99.0,2.433
26,GENHLTH,0.0,7,1.0,9.0,2.572
27,PHYSHLTH,0.0,33,1.0,99.0,60.725
28,MENTHLTH,0.0,33,1.0,99.0,64.729
29,POORHLTH,0.487,33,1.0,99.0,55.784
30,HLTHPLN1,0.0,4,1.0,9.0,1.1
31,PERSDOC2,0.0,5,1.0,9.0,1.394
32,MEDCOST,0.0,4,1.0,9.0,1.916
33,CHECKUP1,0.0,7,1.0,9.0,1.574
34,BPHIGH4,0.0,6,1.0,9.0,2.212
35,BPMEDS,0.598,4,1.0,9.0,1.173
36,BLOODCHO,0.0,4,1.0,9.0,1.24
37,CHOLCHK,0.133,6,1.0,9.0,1.45
38,TOLDHI2,0.133,4,1.0,9.0,1.629
39,CVDSTRK3,0.0,4,1.0,9.0,1.971
40,ASTHMA3,0.0,4,1.0,9.0,1.881
41,ASTHNOW,0.866,4,1.0,9.0,1.483
42,CHCSCNCR,0.0,4,1.0,9.0,1.918
43,CHCOCNCR,0.0,4,1.0,9.0,1.912
44,CHCCOPD1,0.0,4,1.0,9.0,1.944
45,HAVARTH3,0.0,4,1.0,9.0,1.695
46,ADDEPEV2,0.0,4,1.0,9.0,1.835
47,CHCKIDNY,0.0,4,1.0,9.0,1.98
48,DIABETE3,0.0,6,1.0,9.0,2.758
49,DIABAGE2,0.871,98,1.0,99.0,54.475
50,SEX,0.0,2,1.0,2.0,1.577
51,MARITAL,0.0,7,1.0,9.0,2.262
52,EDUCA,0.0,7,1.0,9.0,4.924
53,RENTHOM1,0.0,5,1.0,9.0,1.374
54,NUMHHOL2,0.425,4,1.0,9.0,1.972
55,NUMPHON2,0.97,8,1.0,9.0,1.72
56,CPDEMO1,0.425,4,1.0,9.0,1.226
57,VETERAN3,0.0,4,1.0,9.0,1.882
58,EMPLOY1,0.0,9,1.0,9.0,3.928
59,CHILDREN,0.0,25,1.0,99.0,65.859
60,INCOME2,0.008,10,1.0,99.0,20.135
61,INTERNET,0.01,4,1.0,9.0,1.231
62,WEIGHT2,0.012,550,50.0,9999.0,735.022
63,HEIGHT3,0.013,142,205.0,9999.0,739.098
64,PREGNANT,0.852,4,1.0,9.0,2.009
65,QLACTLM2,0.021,4,1.0,9.0,1.794
66,USEEQUIP,0.024,4,1.0,9.0,1.899
67,BLIND,0.025,4,1.0,9.0,1.974
68,DECIDE,0.027,4,1.0,9.0,1.941
69,DIFFWALK,0.028,4,1.0,9.0,1.857
70,DIFFDRES,0.029,4,1.0,9.0,1.973
71,DIFFALON,0.03,4,1.0,9.0,1.948
72,SMOKE100,0.032,4,1.0,9.0,1.614
73,SMOKDAY2,0.583,5,1.0,9.0,2.438
74,STOPSMK2,0.861,4,1.0,9.0,1.453
75,LASTSMK2,0.723,10,1.0,99.0,6.753
76,USENOW3,0.034,5,1.0,9.0,2.977
77,ALCDAY5,0.036,40,101.0,999.0,534.94
78,AVEDRNK2,0.521,48,1.0,99.0,3.469
79,DRNK3GE5,0.522,43,1.0,99.0,67.799
80,MAXDRNKS,0.523,58,1.0,99.0,5.563
81,FRUITJU1,0.063,109,101.0,999.0,367.685
82,FRUIT1,0.066,134,101.0,999.0,212.715
83,FVBEANS,0.068,108,101.0,999.0,314.452
84,FVGREEN,0.071,115,101.0,999.0,259.251
85,FVORANG,0.072,103,101.0,999.0,301.623
86,VEGETAB1,0.075,133,101.0,999.0,226.959
87,EXERANY2,0.08,4,1.0,9.0,1.31
88,EXRACT11,0.329,77,1.0,99.0,52.465
89,EXEROFT1,0.333,115,101.0,999.0,142.765
90,EXERHMM1,0.333,194,1.0,999.0,107.126
91,EXRACT21,0.334,78,1.0,99.0,62.649
92,EXEROFT2,0.552,99,101.0,999.0,147.006
93,EXERHMM2,0.553,168,1.0,999.0,123.965
94,STRENGTH,0.087,101,101.0,999.0,602.503
95,LMTJOIN3,0.692,4,1.0,9.0,1.578
96,ARTHDIS2,0.692,4,1.0,9.0,1.863
97,ARTHSOCL,0.692,5,1.0,9.0,2.442
98,JOINPAIN,0.698,13,0.0,99.0,6.187
99,SEATBELT,0.091,8,1.0,9.0,1.278
100,FLUSHOT6,0.093,4,1.0,9.0,1.57
101,FLSHTMY2,0.569,28,12014.0,999999.0,136624.133
102,IMFVPLAC,0.567,13,1.0,99.0,4.133
103,PNEUVAC3,0.095,4,1.0,9.0,2.07
104,HIVTST6,0.098,4,1.0,9.0,1.909
105,HIVTSTD3,0.742,412,11985.0,999999.0,388963.865
106,WHRTST10,0.742,11,1.0,99.0,4.59
107,PDIABTST,0.813,4,1.0,9.0,1.618
108,PREDIAB1,0.813,5,1.0,9.0,2.797
109,INSULIN,0.934,3,1.0,9.0,1.679
110,BLDSUGAR,0.934,79,101.0,999.0,253.754
111,FEETCHK2,0.934,72,101.0,999.0,268.754
112,DOCTDIAB,0.934,47,1.0,99.0,14.523
113,CHKHEMO3,0.934,41,1.0,99.0,14.493
114,FEETCHK,0.934,45,1.0,99.0,24.243
115,EYEEXAM,0.934,7,1.0,9.0,2.411
116,DIABEYE,0.934,4,1.0,9.0,1.885
117,DIABEDU,0.934,4,1.0,9.0,1.466
118,CAREGIV1,0.754,5,1.0,9.0,1.809
119,CRGVREL1,0.946,17,1.0,99.0,7.574
120,CRGVLNG1,0.946,7,1.0,9.0,3.36
121,CRGVHRS1,0.946,6,1.0,9.0,2.21
122,CRGVPRB1,0.946,15,1.0,99.0,12.687
123,CRGVPERS,0.946,4,1.0,9.0,1.534
124,CRGVHOUS,0.946,4,1.0,9.0,1.26
125,CRGVMST2,0.946,8,1.0,9.0,5.512
126,CRGVEXPT,0.809,4,1.0,9.0,2.215
127,VIDFCLT2,0.993,8,1.0,8.0,1.362
128,VIREDIF3,0.993,7,1.0,7.0,1.725
129,VIPRFVS2,0.993,7,1.0,9.0,2.4
130,VINOCRE2,0.998,10,1.0,99.0,6.039
131,VIEYEXM2,0.994,8,1.0,9.0,2.839
132,VIINSUR2,0.993,4,1.0,8.0,1.589
133,VICTRCT4,0.993,4,1.0,7.0,2.431
134,VIGLUMA2,0.993,3,1.0,7.0,1.955
135,VIMACDG2,0.993,3,1.0,7.0,2.0
136,CIMEMLOS,0.736,4,1.0,9.0,1.942
137,CDHOUSE,0.971,7,1.0,9.0,3.981
138,CDASSIST,0.971,7,1.0,9.0,4.07
139,CDHELP,0.991,7,1.0,9.0,2.205
140,CDSOCIAL,0.971,7,1.0,9.0,4.0
141,CDDISCUS,0.971,4,1.0,9.0,1.605
142,WTCHSALT,0.907,4,1.0,9.0,1.414
143,LONGWTCH,0.943,136,101.0,999.0,425.986
144,DRADVISE,0.907,4,1.0,9.0,1.729
145,ASTHMAGE,0.998,72,11.0,99.0,62.926
146,ASATTACK,0.999,3,1.0,7.0,1.627
147,ASERVIST,0.999,8,1.0,98.0,60.693
148,ASDRVIST,0.999,11,1.0,98.0,54.215
149,ASRCHKUP,0.999,18,1.0,99.0,36.795
150,ASACTLIM,0.999,25,1.0,999.0,680.485
151,ASYMPTOM,0.999,8,1.0,9.0,4.243
152,ASNOSLEP,0.999,7,1.0,8.0,5.322
153,ASTHMED3,0.999,6,1.0,9.0,4.419
154,ASINHALR,0.999,9,1.0,9.0,4.928
155,HAREHAB1,0.998,4,1.0,9.0,1.724
156,STREHAB1,0.998,4,1.0,9.0,1.648
157,CVDASPRN,0.957,4,1.0,9.0,1.709
158,ASPUNSAF,0.97,5,1.0,9.0,2.856
159,RLIVPAIN,0.987,4,1.0,9.0,1.817
160,RDUCHART,0.987,3,1.0,7.0,1.312
161,RDUCSTRK,0.987,4,1.0,9.0,1.714
162,ARTTODAY,0.956,6,1.0,9.0,2.239
163,ARTHWGT,0.956,4,1.0,9.0,1.68
164,ARTHEXER,0.956,4,1.0,9.0,1.495
165,ARTHEDU,0.956,4,1.0,9.0,1.897
166,TETANUS,0.908,6,1.0,9.0,3.423
167,HPVADVC2,0.975,5,1.0,9.0,2.353
168,HPVADSHT,0.997,5,1.0,99.0,14.443
169,SHINGLE2,0.937,4,1.0,9.0,1.8
170,HADMAM,0.948,4,1.0,9.0,1.205
171,HOWLONG,0.958,7,1.0,9.0,1.85
172,HADPAP2,0.948,4,1.0,9.0,1.104
173,LASTPAP2,0.952,7,1.0,9.0,2.596
174,HPVTEST,0.948,4,1.0,9.0,3.129
175,HPLSTTST,0.984,7,1.0,9.0,2.55
176,HADHYST2,0.949,4,1.0,9.0,1.749
177,PROFEXAM,0.987,4,1.0,9.0,1.136
178,LENGEXAM,0.989,7,1.0,9.0,1.844
179,BLDSTOOL,0.877,4,1.0,9.0,1.681
180,LSTBLDS3,0.955,7,1.0,9.0,3.258
181,HADSIGM3,0.877,4,1.0,9.0,1.302
182,HADSGCO1,0.911,4,1.0,9.0,2.062
183,LASTSIG3,0.911,8,1.0,9.0,3.257
184,PCPSAAD2,0.985,4,1.0,9.0,1.639
185,PCPSADI1,0.985,4,1.0,9.0,1.962
186,PCPSARE1,0.985,4,1.0,9.0,1.688
187,PSATEST1,0.985,4,1.0,9.0,1.684
188,PSATIME,0.992,7,1.0,9.0,1.904
189,PCPSARS1,0.992,7,1.0,9.0,1.691
190,PCPSADE1,0.998,5,1.0,9.0,2.315
191,PCDMDECN,0.999,8,1.0,21.0,1.793
192,SCNTMNY1,0.843,8,1.0,9.0,4.123
193,SCNTMEL1,0.834,8,1.0,9.0,4.332
194,SCNTPAID,0.921,6,1.0,9.0,1.898
195,SCNTWRK1,0.921,93,1.0,99.0,43.736
196,SCNTLPAD,0.942,6,1.0,9.0,1.869
197,SCNTLWK1,0.913,92,1.0,99.0,47.466
198,SXORIENT,0.621,6,1.0,9.0,1.254
199,TRNSGNDR,0.622,6,1.0,9.0,4.051
200,RCSGENDR,0.864,3,1.0,9.0,1.841
201,RCSRLTN2,0.865,8,1.0,9.0,1.709
202,CASTHDX2,0.881,4,1.0,9.0,2.19
203,CASTHNO2,0.985,4,1.0,9.0,1.463
204,EMTSUPRT,0.954,7,1.0,9.0,1.823
205,LSATISFY,0.954,6,1.0,9.0,1.67
206,ADPLEASR,0.954,17,1.0,99.0,63.579
207,ADDOWN,0.954,17,1.0,99.0,66.948
208,ADSLEEP,0.954,17,1.0,99.0,51.317
209,ADENERGY,0.954,17,1.0,99.0,39.367
210,ADEAT1,0.954,17,1.0,99.0,59.986
211,ADFAIL,0.954,17,1.0,99.0,74.067
212,ADTHINK,0.954,17,1.0,99.0,76.03
213,ADMOVE,0.954,17,1.0,99.0,78.993
214,MISTMNT,0.954,4,1.0,9.0,1.878
215,ADANXEV,0.954,4,1.0,9.0,1.873
216,QSTVER,0.0,8,10.0,23.0,14.886
217,QSTLANG,0.0,3,1.0,3.0,1.037
218,MSCODE,0.434,4,1.0,5.0,2.542
219,_STSTR,0.0,1306,11011.0,722019.0,301218.257
220,_STRWT,0.0,1304,0.9452460365669324,1603.2865610007273,104.26
221,_RAWRAKE,0.0,12,0.3333333333333333,5.0,1.44
222,_WT2RAKE,0.0,5528,0.3627727202146234,3191.946865431815,121.525
223,_CHISPNC,0.276,3,1.0,9.0,7.607
224,_CRACE1,0.852,9,1.0,99.0,7.223
225,_CPRACE,0.852,9,1.0,99.0,7.223
226,_CLLCPWT,0.864,20452,7.8139298103000465,25755.013877099474,805.384
227,_DUALUSE,0.0,3,1.0,9.0,4.161
228,_DUALCOR,0.375,106,0.0794375210079174,0.9205624789882658,0.62
229,_LLCPWT,0.0,216913,1.4335054328182186,33134.939618228345,569.639
230,_RFHLTH,0.0,3,1.0,9.0,1.206
231,_HCVU651,0.0,3,1.0,9.0,3.937
232,_RFHYPE5,0.0,3,1.0,9.0,1.424
233,_CHOLCHK,0.0,4,1.0,9.0,1.53
234,_RFCHOL,0.133,3,1.0,9.0,1.489
235,_LTASTH1,0.0,3,1.0,9.0,1.158
236,_CASTHM1,0.0,3,1.0,9.0,1.147
237,_ASTHMS1,0.0,4,1.0,9.0,2.823
238,_DRDXAR1,0.006,2,1.0,2.0,1.664
239,_PRACE1,0.0,10,1.0,99.0,3.097
240,_MRACE1,0.0,9,1.0,99.0,3.18
241,_HISPANC,0.0,3,1.0,9.0,1.983
242,_RACE,0.0,9,1.0,9.0,2.015
243,_RACEG21,0.0,3,1.0,9.0,1.353
244,_RACEGR3,0.0,6,1.0,9.0,1.676
245,_RACE_G1,0.017,5,1.0,5.0,1.452
246,_AGEG5YR,0.0,14,1.0,14.0,7.79
247,_AGE65YR,0.0,3,1.0,3.0,1.368
248,_AGE80,0.0,63,18.0,80.0,55.343
249,_AGE_G,0.0,6,1.0,6.0,4.439
250,HTIN4,0.039,52,36.0,95.0,66.727
251,HTM4,0.035,103,0.91,2.41,1.695
252,WTKG3,0.07,541,22.68,289.85,80.909
253,_BMI5,0.083,3524,12.02,97.65,28.033
254,_BMI5CAT,0.083,4,1.0,4.0,2.937
255,_RFBMI5,0.0,3,1.0,9.0,2.264
256,_CHLDCNT,0.0,7,1.0,9.0,1.568
257,_EDUCAG,0.0,5,1.0,9.0,2.959
258,_INCOMG,0.0,6,1.0,9.0,4.676
259,_SMOKER3,0.0,5,1.0,9.0,3.548
260,_RFSMOK3,0.0,3,1.0,9.0,1.463
261,DRNKANY5,0.0,4,1.0,9.0,1.846
262,DROCDY3_,0.0,36,0.0,900.0,59.132
263,_RFBING5,0.0,3,1.0,9.0,1.575
264,_DRNKWEK,0.0,237,0.0,99900.0,6021.992
265,_RFDRHV5,0.0,3,1.0,9.0,1.513
266,FTJUDA1_,0.086,97,0.0,99.0,0.356
267,FRUTDA1_,0.082,121,0.0,99.0,1.005
268,BEANDAY_,0.09,96,0.0,99.0,0.28
269,GRENDAY_,0.085,102,0.0,99.0,0.568
270,ORNGDAY_,0.088,92,0.0,99.0,0.297
271,VEGEDA1_,0.093,117,0.0,99.0,0.803
272,_MISFRTN,0.0,3,0.0,2.0,0.169
273,_MISVEGN,0.0,5,0.0,4.0,0.356
274,_FRTRESP,0.0,2,0.0,1.0,0.902
275,_VEGRESP,0.0,2,0.0,1.0,0.885
276,_FRUTSUM,0.098,500,0.0,150.0,1.362
277,_VEGESUM,0.115,1024,0.0,199.29,1.949
278,_FRTLT1,0.0,3,1.0,9.0,2.123
279,_VEGLT1,0.0,3,1.0,9.0,2.099
280,_FRT16,0.0,2,0.0,1.0,1.0
281,_VEG23,0.0,2,0.0,1.0,1.0
282,_FRUITEX,0.0,3,0.0,2.0,0.098
283,_VEGETEX,0.0,3,0.0,2.0,0.115
284,_TOTINDA,0.0,3,1.0,9.0,1.927
285,METVL11_,0.331,29,0.0,12.8,4.171
286,METVL21_,0.343,29,0.0,12.8,2.888
287,MAXVO2_,0.0,163,5.55,999.0,39.998
288,FC60_,0.0,156,0.95,999.0,16.803
289,ACTIN11_,0.338,3,0.0,2.0,1.28
290,ACTIN21_,0.35,3,0.0,2.0,0.874
291,PADUR1_,0.347,192,1.0,599.0,63.42
292,PADUR2_,0.563,166,1.0,599.0,71.684
293,PAFREQ1_,0.339,110,0.233,99.0,4.028
294,PAFREQ2_,0.557,94,0.233,99.0,3.128
295,_MINAC11,0.351,729,0.0,53460.0,229.54
296,_MINAC21,0.356,576,0.0,47520.0,129.761
297,STRFREQ_,0.099,96,0.0,99.0,1.201
298,PAMISS1_,0.0,3,0.0,9.0,0.818
299,PAMIN11_,0.358,857,0.0,53460.0,313.133
300,PAMIN21_,0.363,672,0.0,47520.0,181.399
301,PA1MIN_,0.344,2666,0.0,54000.0,482.814
302,PAVIG11_,0.347,534,0.0,14250.0,82.101
303,PAVIG21_,0.357,415,0.0,19200.0,51.004
304,PA1VIGM_,0.341,1373,0.0,19200.0,131.119
305,_PACAT1,0.0,5,1.0,9.0,3.252
306,_PAINDX1,0.0,3,1.0,9.0,2.376
307,_PA150R2,0.0,4,1.0,9.0,2.628
308,_PA300R2,0.0,4,1.0,9.0,2.837
309,_PA30021,0.0,3,1.0,9.0,2.584
310,_PASTRNG,0.0,3,1.0,9.0,2.444
311,_PAREC1,0.0,5,1.0,9.0,3.489
312,_PASTAE1,0.0,3,1.0,9.0,2.738
313,_LMTACT1,0.006,4,1.0,9.0,2.717
314,_LMTWRK1,0.006,4,1.0,9.0,2.814
315,_LMTSCL1,0.006,5,1.0,9.0,3.653
316,_RFSEAT2,0.0,3,1.0,9.0,1.82
317,_RFSEAT3,0.0,3,1.0,9.0,1.882
318,_FLSHOT6,0.644,3,1.0,9.0,2.29
319,_PNEUMO2,0.644,3,1.0,9.0,2.407
320,_AIDTST3,0.098,3,1.0,9.0,1.967
